CURR_CAREUNIT,TIME_BLOCK_12HR,PATIENTS_4HR_1,PATIENTS_4HR_2,PATIENTS_4HR_3,NURSES_4HR_1,NURSES_4HR_2,NURSES_4HR_3,NURSE_TO_PATIENT_RATIO_4HR_1,NURSE_TO_PATIENT_RATIO_4HR_2,NURSE_TO_PATIENT_RATIO_4HR_3,UNIT_NORM_RATIO_4HR_1,UNIT_NORM_RATIO_4HR_2,UNIT_NORM_RATIO_4HR_3,AVG_NURSE_TO_PATIENT_RATIO,AVG_UNIT_NORM_RATIO
CCU,2000-06-01 00:00:00,1.0,1.0,1.0,70,70,70,70.0,70.0,70.0,23.527808432781875,23.527808432781875,23.527808432781875,70.0,23.52780843278187
CCU,2000-06-01 12:00:00,3.0,3.0,3.0,63,63,63,21.0,21.0,21.0,7.058342529834563,7.058342529834563,7.058342529834563,21.0,7.058342529834563
CCU,2000-06-02 00:00:00,10.0,10.0,10.0,63,63,63,6.3,6.3,6.3,2.1175027589503688,2.1175027589503688,2.1175027589503688,6.3,2.1175027589503688
CCU,2000-06-02 12:00:00,18.0,18.0,18.0,61,61,61,3.388888888888889,3.388888888888889,3.388888888888889,1.1390446939680114,1.1390446939680114,1.1390446939680114,3.388888888888889,1.1390446939680114
CCU,2000-06-03 00:00:00,19.0,19.0,19.0,64,64,64,3.3684210526315788,3.3684210526315788,3.3684210526315788,1.132165217818075,1.132165217818075,1.132165217818075,3.3684210526315788,1.132165217818075
CCU,2000-06-03 12:00:00,19.0,19.0,19.0,54,54,54,2.8421052631578947,2.8421052631578947,2.8421052631578947,0.9552644025340009,0.9552644025340009,0.9552644025340009,2.842105263157895,0.9552644025340009
CCU,2000-06-04 00:00:00,28.0,28.0,28.0,50,50,50,1.7857142857142858,1.7857142857142858,1.7857142857142858,0.6001991947138233,0.6001991947138233,0.6001991947138233,1.7857142857142858,0.6001991947138233
CCU,2000-06-04 12:00:00,31.0,31.0,31.0,53,53,53,1.7096774193548387,1.7096774193548387,1.7096774193548387,0.5746423257776219,0.5746423257776219,0.5746423257776219,1.7096774193548387,0.5746423257776219
CCU,2000-06-05 00:00:00,36.0,36.0,36.0,54,54,54,1.5,1.5,1.5,0.5041673235596116,0.5041673235596116,0.5041673235596116,1.5,0.5041673235596116
CCU,2000-06-05 12:00:00,41.0,40.0,34.0,54,54,54,1.3170731707317074,1.35,1.588235294117647,0.4426835036133175,0.45375059120365047,0.5338242249454711,1.4184361549497846,0.47675277325414633
CCU,2000-06-06 00:00:00,38.0,36.0,36.0,67,67,67,1.763157894736842,1.8611111111111112,1.8611111111111112,0.5926177312016487,0.6255409384906292,0.6255409384906292,1.8284600389863546,0.614566536060969
CCU,2000-06-06 12:00:00,36.0,35.0,35.0,61,61,61,1.6944444444444444,1.7428571428571429,1.7428571428571429,0.5695223469840057,0.5857944140406915,0.5857944140406915,1.7267195767195769,0.5803703916884629
CCU,2000-06-07 00:00:00,36.0,36.0,36.0,77,77,77,2.138888888888889,2.138888888888889,2.138888888888889,0.718905257668335,0.718905257668335,0.718905257668335,2.138888888888889,0.718905257668335
CCU,2000-06-07 12:00:00,37.0,37.0,35.0,64,64,64,1.7297297297297298,1.7297297297297298,1.8285714285714285,0.5813821388795521,0.5813821388795521,0.6146039753869551,1.7626769626769627,0.5924560843820198
CCU,2000-06-08 00:00:00,37.0,37.0,37.0,65,65,65,1.7567567567567568,1.7567567567567568,1.7567567567567568,0.5904662347995451,0.5904662347995451,0.5904662347995451,1.7567567567567568,0.5904662347995451
CCU,2000-06-08 12:00:00,38.0,35.0,35.0,69,69,69,1.8157894736842106,1.9714285714285715,1.9714285714285715,0.6103078127300562,0.662619910964061,0.662619910964061,1.9195488721804512,0.6451825448860594
CCU,2000-06-09 00:00:00,37.0,37.0,37.0,69,69,69,1.864864864864865,1.864864864864865,1.864864864864865,0.6268026184795171,0.6268026184795171,0.6268026184795171,1.864864864864865,0.6268026184795171
CCU,2000-06-09 12:00:00,38.0,36.0,36.0,65,65,65,1.7105263157894737,1.8055555555555556,1.8055555555555556,0.5749276496732413,0.6068680746550881,0.6068680746550881,1.773879142300195,0.5962212663278058
CCU,2000-06-10 00:00:00,46.0,46.0,46.0,76,76,76,1.6521739130434783,1.6521739130434783,1.6521739130434783,0.5553147331960939,0.5553147331960939,0.5553147331960939,1.6521739130434783,0.5553147331960939
CCU,2000-06-10 12:00:00,51.0,50.0,48.0,68,68,68,1.3333333333333333,1.36,1.4166666666666667,0.44814873205298805,0.4571117066940479,0.47615802780629984,1.37,0.46047282218444524
CCU,2000-06-11 00:00:00,53.0,53.0,53.0,84,84,84,1.5849056603773586,1.5849056603773586,1.5849056603773586,0.5327050965912877,0.5327050965912877,0.5327050965912877,1.5849056603773584,0.5327050965912877
CCU,2000-06-11 12:00:00,55.0,53.0,51.0,73,73,73,1.3272727272727274,1.3773584905660377,1.4313725490196079,0.4461116923618382,0.4629460958471905,0.4811008447039431,1.3786679222861242,0.4633862109709906
CCU,2000-06-12 00:00:00,55.0,55.0,55.0,92,92,92,1.6727272727272726,1.6727272727272726,1.6727272727272726,0.562222954757385,0.562222954757385,0.562222954757385,1.6727272727272726,0.562222954757385
CCU,2000-06-12 12:00:00,58.0,58.0,49.0,77,77,77,1.3275862068965518,1.3275862068965518,1.5714285714285714,0.44621705648379417,0.44621705648379417,0.5281752913481645,1.4088669950738917,0.47353646810525096
CCU,2000-06-13 00:00:00,49.0,49.0,49.0,75,75,75,1.530612244897959,1.530612244897959,1.530612244897959,0.5144564526118486,0.5144564526118486,0.5144564526118486,1.530612244897959,0.5144564526118486
CCU,2000-06-13 12:00:00,49.0,45.0,44.0,63,63,63,1.2857142857142858,1.4,1.4318181818181819,0.4321434201939528,0.47055616865563743,0.4812506270341747,1.3725108225108225,0.4613167386279216
CCU,2000-06-14 00:00:00,59.0,59.0,59.0,68,68,68,1.152542372881356,1.152542372881356,1.152542372881356,0.3873828022830914,0.3873828022830914,0.3873828022830914,1.152542372881356,0.3873828022830914
CCU,2000-06-14 12:00:00,61.0,61.0,58.0,67,67,67,1.098360655737705,1.098360655737705,1.1551724137931034,0.3691717014043058,0.3691717014043058,0.3882667894079767,1.1172979084228378,0.3755367307388628
CCU,2000-06-15 00:00:00,66.0,66.0,66.0,72,72,72,1.0909090909090908,1.0909090909090908,1.0909090909090908,0.3666671444069902,0.3666671444069902,0.3666671444069902,1.0909090909090908,0.3666671444069902
CCU,2000-06-15 12:00:00,70.0,69.0,68.0,71,71,71,1.0142857142857142,1.0289855072463767,1.0441176470588236,0.34091314259745165,0.34585391278002336,0.3509399997326708,1.0291296228636382,0.3459023517033819
CCU,2000-06-16 00:00:00,68.0,68.0,68.0,70,70,70,1.0294117647058822,1.0294117647058822,1.0294117647058822,0.3459971828350275,0.3459971828350275,0.3459971828350275,1.0294117647058822,0.3459971828350275
CCU,2000-06-16 12:00:00,69.0,64.0,59.0,69,69,69,1.0,1.078125,1.1694915254237288,0.33611154903974105,0.3623702638084708,0.3930796081990192,1.0825388418079096,0.3638538070157437
CCU,2000-06-17 00:00:00,65.0,65.0,65.0,76,76,76,1.1692307692307693,1.1692307692307693,1.1692307692307693,0.39299196503108186,0.39299196503108186,0.39299196503108186,1.1692307692307693,0.39299196503108186
CCU,2000-06-17 12:00:00,69.0,62.0,53.0,69,69,69,1.0,1.1129032258064515,1.3018867924528301,0.33611154903974105,0.37405962715713115,0.4375791864857006,1.1382633394197605,0.3825834542275242
CCU,2000-06-18 00:00:00,57.0,57.0,57.0,75,75,75,1.3157894736842106,1.3157894736842106,1.3157894736842106,0.44225203821018566,0.44225203821018566,0.44225203821018566,1.3157894736842106,0.4422520382101857
CCU,2000-06-18 12:00:00,57.0,57.0,55.0,61,61,61,1.0701754385964912,1.0701754385964912,1.1090909090909091,0.35969832441095095,0.35969832441095095,0.3727782634804401,1.0831472620946305,0.3640583041007807
CCU,2000-06-19 00:00:00,66.0,66.0,66.0,74,74,74,1.121212121212121,1.121212121212121,1.121212121212121,0.37685234286273994,0.37685234286273994,0.37685234286273994,1.121212121212121,0.37685234286273994
CCU,2000-06-19 12:00:00,66.0,65.0,63.0,67,67,67,1.0151515151515151,1.0307692307692307,1.0634920634920635,0.3412041482676159,0.34645344285634844,0.3574519648517881,1.0364709364709366,0.34836985199191756
CCU,2000-06-20 00:00:00,71.0,71.0,71.0,71,71,71,1.0,1.0,1.0,0.33611154903974105,0.33611154903974105,0.33611154903974105,1.0,0.33611154903974105
CCU,2000-06-20 12:00:00,77.0,75.0,73.0,53,53,53,0.6883116883116883,0.7066666666666667,0.726027397260274,0.23134950778060098,0.2375188279880837,0.24402619313844215,0.7070019174128763,0.23763150963570898
CCU,2000-06-21 00:00:00,79.0,79.0,79.0,77,77,77,0.9746835443037974,0.9746835443037974,0.9746835443037974,0.3276023958994944,0.3276023958994944,0.3276023958994944,0.9746835443037974,0.3276023958994944
CCU,2000-06-21 12:00:00,82.0,76.0,69.0,63,63,63,0.7682926829268293,0.8289473684210527,0.9130434782608695,0.2582320437744352,0.2786187840724169,0.306884457818894,0.8367611765362505,0.2812450952219154
CCU,2000-06-22 00:00:00,75.0,75.0,75.0,71,71,71,0.9466666666666667,0.9466666666666667,0.9466666666666667,0.3181855997576215,0.3181855997576215,0.3181855997576215,0.9466666666666667,0.3181855997576215
CCU,2000-06-22 12:00:00,78.0,65.0,65.0,64,64,64,0.8205128205128205,0.9846153846153847,0.9846153846153847,0.27578383510953114,0.3309406021314374,0.3309406021314374,0.9299145299145298,0.3125550131241353
CCU,2000-06-23 00:00:00,73.0,73.0,73.0,76,76,76,1.0410958904109588,1.0410958904109588,1.0410958904109588,0.34992435242493586,0.34992435242493586,0.34992435242493586,1.0410958904109588,0.34992435242493586
CCU,2000-06-23 12:00:00,75.0,74.0,71.0,56,56,56,0.7466666666666667,0.7567567567567568,0.7887323943661971,0.2509632899496733,0.2543546857598041,0.26510206684824644,0.7640519392632069,0.25680668085257463
CCU,2000-06-24 00:00:00,74.0,74.0,70.0,72,72,72,0.972972972972973,0.972972972972973,1.0285714285714285,0.32702745311974807,0.32702745311974807,0.3457147361551622,0.9915057915057915,0.3332565474648861
CCU,2000-06-24 12:00:00,72.0,69.0,69.0,58,58,58,0.8055555555555556,0.8405797101449275,0.8405797101449275,0.27075652561534697,0.28252854846818815,0.28252854846818815,0.8289049919484702,0.2786045408505744
CCU,2000-06-25 00:00:00,75.0,75.0,75.0,72,72,72,0.96,0.96,0.96,0.3226670870781514,0.3226670870781514,0.3226670870781514,0.96,0.3226670870781514
CCU,2000-06-25 12:00:00,75.0,66.0,61.0,64,64,64,0.8533333333333334,0.9696969696969697,1.0491803278688525,0.2868151885139124,0.32592635058399133,0.3526416252220234,0.957403543633052,0.32179438810664235
CCU,2000-06-26 00:00:00,63.0,63.0,63.0,82,82,82,1.3015873015873016,1.3015873015873016,1.3015873015873016,0.4374785241469646,0.4374785241469646,0.4374785241469646,1.3015873015873016,0.4374785241469646
CCU,2000-06-26 12:00:00,62.0,58.0,54.0,73,73,73,1.1774193548387097,1.2586206896551724,1.3518518518518519,0.39574424322421126,0.42303694965346716,0.4543730199981685,1.2626306321152445,0.42438473762528234
CCU,2000-06-27 00:00:00,59.0,59.0,59.0,73,73,73,1.2372881355932204,1.2372881355932204,1.2372881355932204,0.4158668318627305,0.4158668318627305,0.4158668318627305,1.2372881355932204,0.4158668318627305
CCU,2000-06-27 12:00:00,61.0,60.0,60.0,74,74,74,1.2131147540983607,1.2333333333333334,1.2333333333333334,0.40774187916296456,0.414537577149014,0.414537577149014,1.2265938069216757,0.41227234448699757
CCU,2000-06-28 00:00:00,64.0,64.0,64.0,83,83,83,1.296875,1.296875,1.296875,0.4358946651609142,0.4358946651609142,0.4358946651609142,1.296875,0.4358946651609142
CCU,2000-06-28 12:00:00,66.0,65.0,61.0,74,74,74,1.121212121212121,1.1384615384615384,1.2131147540983607,0.37685234286273994,0.3826500712144744,0.40774187916296456,1.1575961379240067,0.38908143108005966
CCU,2000-06-29 00:00:00,61.0,61.0,61.0,81,81,81,1.3278688524590163,1.3278688524590163,1.3278688524590163,0.44631205692162335,0.44631205692162335,0.44631205692162335,1.3278688524590163,0.4463120569216234
CCU,2000-06-29 12:00:00,65.0,63.0,61.0,66,66,66,1.0153846153846153,1.0476190476190477,1.0819672131147542,0.3412824959480448,0.35211686089877636,0.36366167601021165,1.0483236253728057,0.3523536776190109
CCU,2000-06-30 00:00:00,61.0,61.0,60.0,80,80,80,1.3114754098360655,1.3114754098360655,1.3333333333333333,0.4408020315275292,0.4408020315275292,0.44814873205298805,1.3187613843351549,0.4432509317026822
CSRU,2000-06-01 00:00:00,1.0,1.0,1.0,82,82,82,82.0,82.0,82.0,5.103797117237109,5.103797117237109,5.103797117237109,82.0,5.103797117237109
CSRU,2000-06-01 12:00:00,1.0,1.0,1.0,81,81,81,81.0,81.0,81.0,5.04155568897812,5.04155568897812,5.04155568897812,81.0,5.04155568897812
CSRU,2000-06-02 00:00:00,4.0,4.0,4.0,86,86,86,21.5,21.5,21.5,1.3381907075682664,1.3381907075682664,1.3381907075682664,21.5,1.3381907075682664
CSRU,2000-06-02 12:00:00,4.0,4.0,2.0,76,76,76,19.0,19.0,38.0,1.1825871369207936,1.1825871369207936,2.3651742738415873,25.333333333333332,1.576782849227725
CSRU,2000-06-03 00:00:00,3.0,3.0,3.0,76,76,76,25.333333333333332,25.333333333333332,25.333333333333332,1.5767828492277247,1.5767828492277247,1.5767828492277247,25.333333333333332,1.576782849227725
CSRU,2000-06-03 12:00:00,3.0,3.0,3.0,73,73,73,24.333333333333332,24.333333333333332,24.333333333333332,1.5145414209687356,1.5145414209687356,1.5145414209687356,24.333333333333332,1.5145414209687356
CSRU,2000-06-04 00:00:00,5.0,5.0,5.0,86,86,86,17.2,17.2,17.2,1.0705525660546131,1.0705525660546131,1.0705525660546131,17.2,1.0705525660546131
CSRU,2000-06-04 12:00:00,5.0,4.0,4.0,80,80,80,16.0,20.0,20.0,0.9958628521438262,1.2448285651797828,1.2448285651797828,18.666666666666668,1.1618399941677973
CSRU,2000-06-05 00:00:00,4.0,4.0,4.0,83,83,83,20.75,20.75,20.75,1.2915096363740246,1.2915096363740246,1.2915096363740246,20.75,1.2915096363740246
CSRU,2000-06-05 12:00:00,3.0,3.0,3.0,73,73,73,24.333333333333332,24.333333333333332,24.333333333333332,1.5145414209687356,1.5145414209687356,1.5145414209687356,24.333333333333332,1.5145414209687356
CSRU,2000-06-06 00:00:00,3.0,3.0,3.0,103,103,103,34.333333333333336,34.333333333333336,34.333333333333336,2.1369557035586273,2.1369557035586273,2.1369557035586273,34.333333333333336,2.1369557035586273
CSRU,2000-06-06 12:00:00,3.0,3.0,3.0,88,88,88,29.333333333333332,29.333333333333332,29.333333333333332,1.8257485622636813,1.8257485622636813,1.8257485622636813,29.333333333333332,1.825748562263681
CSRU,2000-06-07 00:00:00,4.0,4.0,4.0,99,99,99,24.75,24.75,24.75,1.5404753494099812,1.5404753494099812,1.5404753494099812,24.75,1.5404753494099814
CSRU,2000-06-07 12:00:00,4.0,4.0,4.0,86,86,86,21.5,21.5,21.5,1.3381907075682664,1.3381907075682664,1.3381907075682664,21.5,1.3381907075682664
CSRU,2000-06-08 00:00:00,4.0,4.0,4.0,91,91,91,22.75,22.75,22.75,1.415992492892003,1.415992492892003,1.415992492892003,22.75,1.415992492892003
CSRU,2000-06-08 12:00:00,7.0,7.0,7.0,75,75,75,10.714285714285714,10.714285714285714,10.714285714285714,0.6668724456320264,0.6668724456320264,0.6668724456320264,10.714285714285714,0.6668724456320264
CSRU,2000-06-09 00:00:00,7.0,7.0,7.0,82,82,82,11.714285714285714,11.714285714285714,11.714285714285714,0.7291138738910156,0.7291138738910156,0.7291138738910156,11.714285714285714,0.7291138738910156
CSRU,2000-06-09 12:00:00,7.0,7.0,7.0,70,70,70,10.0,10.0,10.0,0.6224142825898914,0.6224142825898914,0.6224142825898914,10.0,0.6224142825898914
CSRU,2000-06-10 00:00:00,7.0,7.0,7.0,101,101,101,14.428571428571429,14.428571428571429,14.428571428571429,0.898054893451129,0.898054893451129,0.898054893451129,14.428571428571429,0.8980548934511289
CSRU,2000-06-10 12:00:00,7.0,7.0,7.0,96,96,96,13.714285714285714,13.714285714285714,13.714285714285714,0.8535967304089939,0.8535967304089939,0.8535967304089939,13.714285714285714,0.8535967304089939
CSRU,2000-06-11 00:00:00,7.0,7.0,7.0,97,97,97,13.857142857142858,13.857142857142858,13.857142857142858,0.8624883630174209,0.8624883630174209,0.8624883630174209,13.857142857142856,0.8624883630174209
CSRU,2000-06-11 12:00:00,7.0,7.0,7.0,87,87,87,12.428571428571429,12.428571428571429,12.428571428571429,0.7735720369331507,0.7735720369331507,0.7735720369331507,12.428571428571429,0.7735720369331508
CSRU,2000-06-12 00:00:00,9.0,9.0,9.0,107,107,107,11.88888888888889,11.88888888888889,11.88888888888889,0.7399814248568709,0.7399814248568709,0.7399814248568709,11.888888888888891,0.7399814248568709
CSRU,2000-06-12 12:00:00,9.0,9.0,9.0,93,93,93,10.333333333333334,10.333333333333334,10.333333333333334,0.6431614253428878,0.6431614253428878,0.6431614253428878,10.333333333333334,0.6431614253428878
CSRU,2000-06-13 00:00:00,13.0,13.0,13.0,85,85,85,6.538461538461538,6.538461538461538,6.538461538461538,0.40696318477031357,0.40696318477031357,0.40696318477031357,6.538461538461537,0.4069631847703136
CSRU,2000-06-13 12:00:00,13.0,13.0,13.0,81,81,81,6.230769230769231,6.230769230769231,6.230769230769231,0.38781197607524,0.38781197607524,0.38781197607524,6.230769230769231,0.38781197607524004
CSRU,2000-06-14 00:00:00,13.0,13.0,13.0,104,104,104,8.0,8.0,8.0,0.4979314260719131,0.4979314260719131,0.4979314260719131,8.0,0.49793142607191304
CSRU,2000-06-14 12:00:00,13.0,13.0,11.0,84,84,84,6.461538461538462,6.461538461538462,7.636363636363637,0.4021753825965452,0.4021753825965452,0.4752981794322807,6.853146853146853,0.42654964820845703
CSRU,2000-06-15 00:00:00,11.0,10.0,10.0,86,86,86,7.818181818181818,8.6,8.6,0.4866148027520969,0.5352762830273066,0.5352762830273066,8.339393939393938,0.5190557896022366
CSRU,2000-06-15 12:00:00,10.0,10.0,10.0,76,76,76,7.6,7.6,7.6,0.4730348547683174,0.4730348547683174,0.4730348547683174,7.599999999999999,0.4730348547683174
CSRU,2000-06-16 00:00:00,10.0,10.0,10.0,75,75,75,7.5,7.5,7.5,0.4668107119424185,0.4668107119424185,0.4668107119424185,7.5,0.4668107119424185
CSRU,2000-06-16 12:00:00,10.0,9.0,9.0,78,78,78,7.8,8.666666666666666,8.666666666666666,0.48548314042011526,0.5394257115779059,0.5394257115779059,8.377777777777778,0.521444854525309
CSRU,2000-06-17 00:00:00,10.0,10.0,10.0,89,89,89,8.9,8.9,8.9,0.5539487115050034,0.5539487115050034,0.5539487115050034,8.9,0.5539487115050034
CSRU,2000-06-17 12:00:00,10.0,10.0,10.0,90,90,90,9.0,9.0,9.0,0.5601728543309022,0.5601728543309022,0.5601728543309022,9.0,0.5601728543309022
CSRU,2000-06-18 00:00:00,10.0,10.0,10.0,97,97,97,9.7,9.7,9.7,0.6037418541121946,0.6037418541121946,0.6037418541121946,9.7,0.6037418541121946
CSRU,2000-06-18 12:00:00,10.0,10.0,10.0,82,82,82,8.2,8.2,8.2,0.5103797117237109,0.5103797117237109,0.5103797117237109,8.2,0.5103797117237109
CSRU,2000-06-19 00:00:00,10.0,10.0,10.0,95,95,95,9.5,9.5,9.5,0.5912935684603968,0.5912935684603968,0.5912935684603968,9.5,0.5912935684603968
CSRU,2000-06-19 12:00:00,10.0,10.0,10.0,86,86,86,8.6,8.6,8.6,0.5352762830273066,0.5352762830273066,0.5352762830273066,8.6,0.5352762830273066
CSRU,2000-06-20 00:00:00,10.0,10.0,10.0,93,93,93,9.3,9.3,9.3,0.578845282808599,0.578845282808599,0.578845282808599,9.3,0.578845282808599
CSRU,2000-06-20 12:00:00,10.0,10.0,7.0,74,74,74,7.4,7.4,10.571428571428571,0.46058656911651963,0.46058656911651963,0.6579808130235995,8.457142857142857,0.5263846504188795
CSRU,2000-06-21 00:00:00,9.0,9.0,9.0,100,100,100,11.11111111111111,11.11111111111111,11.11111111111111,0.6915714250998792,0.6915714250998792,0.6915714250998792,11.111111111111109,0.6915714250998791
CSRU,2000-06-21 12:00:00,9.0,9.0,9.0,80,80,80,8.88888888888889,8.88888888888889,8.88888888888889,0.5532571400799035,0.5532571400799035,0.5532571400799035,8.88888888888889,0.5532571400799035
CSRU,2000-06-22 00:00:00,9.0,9.0,9.0,91,91,91,10.11111111111111,10.11111111111111,10.11111111111111,0.6293299968408901,0.6293299968408901,0.6293299968408901,10.11111111111111,0.6293299968408901
CSRU,2000-06-22 12:00:00,9.0,9.0,9.0,85,85,85,9.444444444444445,9.444444444444445,9.444444444444445,0.5878357113348974,0.5878357113348974,0.5878357113348974,9.444444444444445,0.5878357113348974
CSRU,2000-06-23 00:00:00,9.0,9.0,9.0,97,97,97,10.777777777777779,10.777777777777779,10.777777777777779,0.670824282346883,0.670824282346883,0.670824282346883,10.777777777777779,0.670824282346883
CSRU,2000-06-23 12:00:00,9.0,8.0,7.0,81,81,81,9.0,10.125,11.571428571428571,0.5601728543309022,0.630194461122265,0.7202222412825886,10.232142857142856,0.6368631855785853
CSRU,2000-06-24 00:00:00,7.0,7.0,7.0,93,93,93,13.285714285714286,13.285714285714286,13.285714285714286,0.8269218325837129,0.8269218325837129,0.8269218325837129,13.285714285714286,0.826921832583713
CSRU,2000-06-24 12:00:00,7.0,6.0,6.0,82,82,82,11.714285714285714,13.666666666666666,13.666666666666666,0.7291138738910156,0.8506328528728515,0.8506328528728515,13.015873015873014,0.8101265265455728
CSRU,2000-06-25 00:00:00,6.0,6.0,6.0,76,76,76,12.666666666666666,12.666666666666666,12.666666666666666,0.7883914246138624,0.7883914246138624,0.7883914246138624,12.666666666666666,0.7883914246138625
CSRU,2000-06-25 12:00:00,7.0,6.0,6.0,82,82,82,11.714285714285714,13.666666666666666,13.666666666666666,0.7291138738910156,0.8506328528728515,0.8506328528728515,13.015873015873014,0.8101265265455728
CSRU,2000-06-26 00:00:00,6.0,6.0,6.0,84,84,84,14.0,14.0,14.0,0.8713799956258479,0.8713799956258479,0.8713799956258479,14.0,0.871379995625848
CSRU,2000-06-26 12:00:00,7.0,7.0,7.0,83,83,83,11.857142857142858,11.857142857142858,11.857142857142858,0.7380055064994426,0.7380055064994426,0.7380055064994426,11.857142857142856,0.7380055064994426
CSRU,2000-06-27 00:00:00,10.0,10.0,10.0,90,90,90,9.0,9.0,9.0,0.5601728543309022,0.5601728543309022,0.5601728543309022,9.0,0.5601728543309022
CSRU,2000-06-27 12:00:00,10.0,6.0,6.0,95,95,95,9.5,15.833333333333334,15.833333333333334,0.5912935684603968,0.985489280767328,0.985489280767328,13.722222222222223,0.8540907099983509
CSRU,2000-06-28 00:00:00,6.0,6.0,6.0,92,92,92,15.333333333333334,15.333333333333334,15.333333333333334,0.9543685666378334,0.9543685666378334,0.9543685666378334,15.333333333333334,0.9543685666378335
CSRU,2000-06-28 12:00:00,6.0,6.0,6.0,86,86,86,14.333333333333334,14.333333333333334,14.333333333333334,0.8921271383788443,0.8921271383788443,0.8921271383788443,14.333333333333334,0.8921271383788443
CSRU,2000-06-29 00:00:00,6.0,6.0,6.0,98,98,98,16.333333333333332,16.333333333333332,16.333333333333332,1.0166099948968226,1.0166099948968226,1.0166099948968226,16.333333333333332,1.0166099948968226
CSRU,2000-06-29 12:00:00,6.0,6.0,6.0,70,70,70,11.666666666666666,11.666666666666666,11.666666666666666,0.7261499963548732,0.7261499963548732,0.7261499963548732,11.666666666666666,0.7261499963548732
CSRU,2000-06-30 00:00:00,6.0,6.0,6.0,95,95,95,15.833333333333334,15.833333333333334,15.833333333333334,0.985489280767328,0.985489280767328,0.985489280767328,15.833333333333334,0.985489280767328
MICU,2000-06-01 00:00:00,1.0,1.0,1.0,186,186,186,186.0,186.0,186.0,21.509526082566655,21.509526082566655,21.509526082566655,186.0,21.509526082566655
MICU,2000-06-01 12:00:00,1.0,1.0,1.0,171,171,171,171.0,171.0,171.0,19.774886882359667,19.774886882359667,19.774886882359667,171.0,19.774886882359667
MICU,2000-06-02 00:00:00,9.0,9.0,8.0,166,166,166,18.444444444444443,18.444444444444443,20.75,2.132963757291556,2.132963757291556,2.3995842269530003,19.212962962962962,2.221837247178704
MICU,2000-06-02 12:00:00,13.0,13.0,12.0,164,164,164,12.615384615384615,12.615384615384615,13.666666666666666,1.4588760453022875,1.4588760453022875,1.580449049077478,12.965811965811966,1.4994003798940179
MICU,2000-06-03 00:00:00,19.0,19.0,19.0,158,158,158,8.31578947368421,8.31578947368421,8.31578947368421,0.9616596267814181,0.9616596267814181,0.9616596267814181,8.31578947368421,0.9616596267814183
MICU,2000-06-03 12:00:00,22.0,22.0,21.0,158,158,158,7.181818181818182,7.181818181818182,7.523809523809524,0.8305242231294065,0.8305242231294065,0.8700729956593782,7.295815295815295,0.8437071473060639
MICU,2000-06-04 00:00:00,35.0,35.0,35.0,180,180,180,5.142857142857143,5.142857142857143,5.142857142857143,0.5947334400709675,0.5947334400709675,0.5947334400709675,5.142857142857143,0.5947334400709675
MICU,2000-06-04 12:00:00,47.0,47.0,45.0,169,169,169,3.595744680851064,3.595744680851064,3.7555555555555555,0.4158213118226681,0.4158213118226681,0.4343022590147867,3.6490149724192276,0.4219816275533743
MICU,2000-06-05 00:00:00,61.0,61.0,61.0,206,206,206,3.377049180327869,3.377049180327869,3.377049180327869,0.3905307926149067,0.3905307926149067,0.3905307926149067,3.377049180327869,0.3905307926149067
MICU,2000-06-05 12:00:00,64.0,64.0,63.0,202,202,202,3.15625,3.15625,3.2063492063492065,0.36499699837688715,0.36499699837688715,0.3707906015257266,3.1729497354497354,0.36692819942650035
MICU,2000-06-06 00:00:00,72.0,72.0,72.0,192,192,192,2.6666666666666665,2.6666666666666665,2.6666666666666665,0.30838030225902013,0.30838030225902013,0.30838030225902013,2.6666666666666665,0.30838030225902013
MICU,2000-06-06 12:00:00,75.0,75.0,75.0,178,178,178,2.3733333333333335,2.3733333333333335,2.3733333333333335,0.27445846901052795,0.27445846901052795,0.27445846901052795,2.3733333333333335,0.27445846901052795
MICU,2000-06-07 00:00:00,88.0,88.0,87.0,215,215,215,2.4431818181818183,2.4431818181818183,2.471264367816092,0.28253593033674435,0.28253593033674435,0.2857834697659023,2.4525426680599094,0.283618443479797
MICU,2000-06-07 12:00:00,92.0,82.0,73.0,177,177,177,1.923913043478261,2.158536585365854,2.4246575342465753,0.22248633220046155,0.2496188117371032,0.28039373373208853,2.1690357210302302,0.25083295922321774
MICU,2000-06-08 00:00:00,77.0,77.0,77.0,176,176,176,2.2857142857142856,2.2857142857142856,2.2857142857142856,0.2643259733648744,0.2643259733648744,0.2643259733648744,2.2857142857142856,0.2643259733648744
MICU,2000-06-08 12:00:00,84.0,80.0,80.0,190,190,190,2.261904761904762,2.375,2.375,0.2615725778089903,0.2746512066994398,0.2746512066994398,2.3373015873015874,0.27029166373595664
MICU,2000-06-09 00:00:00,91.0,91.0,91.0,202,202,202,2.21978021978022,2.21978021978022,2.21978021978022,0.2567011856716569,0.2567011856716569,0.2567011856716569,2.21978021978022,0.2567011856716569
MICU,2000-06-09 12:00:00,97.0,92.0,92.0,186,186,186,1.9175257731958764,2.0217391304347827,2.0217391304347827,0.22174769157285212,0.23379919654963757,0.23379919654963757,1.9870013446884804,0.2297820282240424
MICU,2000-06-10 00:00:00,110.0,108.0,108.0,223,223,223,2.0272727272727273,2.064814814814815,2.064814814814815,0.23443911614918692,0.23878058126306076,0.23878058126306076,2.052300785634119,0.2373334262251028
MICU,2000-06-10 12:00:00,109.0,108.0,102.0,207,207,207,1.8990825688073394,1.9166666666666667,2.0294117647058822,0.21961487121886641,0.22164834224867075,0.2346864800280043,1.9483870000599628,0.2253165644985138
MICU,2000-06-11 00:00:00,107.0,107.0,107.0,214,214,214,2.0,2.0,2.0,0.2312852266942651,0.2312852266942651,0.2312852266942651,2.0,0.2312852266942651
MICU,2000-06-11 12:00:00,113.0,109.0,103.0,199,199,199,1.761061946902655,1.8256880733944953,1.9320388349514563,0.2036538058060122,0.211127339964031,0.22342601996193573,1.8395962850828689,0.21273572191065968
MICU,2000-06-12 00:00:00,113.0,112.0,112.0,225,225,225,1.991150442477876,2.0089285714285716,2.0089285714285716,0.23026184073544093,0.23231775002772168,0.23231775002772168,2.003002528445007,0.23163244693029475
MICU,2000-06-12 12:00:00,116.0,110.0,105.0,211,211,211,1.8189655172413792,1.9181818181818182,2.0095238095238095,0.2103499260021118,0.2218235583294997,0.23238658491661876,1.9155570483156688,0.22152002308274343
MICU,2000-06-13 00:00:00,111.0,111.0,111.0,196,196,196,1.7657657657657657,1.7657657657657657,1.7657657657657657,0.20419776771205386,0.20419776771205386,0.20419776771205386,1.7657657657657657,0.20419776771205386
MICU,2000-06-13 12:00:00,116.0,111.0,102.0,174,174,174,1.5,1.5675675675675675,1.7058823529411764,0.17346392002069883,0.1812776101117213,0.19727269335687317,1.5911499735029146,0.18400474116309776
MICU,2000-06-14 00:00:00,112.0,112.0,112.0,185,185,185,1.6517857142857142,1.6517857142857142,1.6517857142857142,0.19101681668946002,0.19101681668946002,0.19101681668946002,1.6517857142857142,0.19101681668946002
MICU,2000-06-14 12:00:00,114.0,99.0,93.0,186,186,186,1.631578947368421,1.878787878787879,2.0,0.18868005335584784,0.21726794022794602,0.2312852266942651,1.8367889420521,0.21241107342601964
MICU,2000-06-15 00:00:00,99.0,96.0,96.0,212,212,212,2.1414141414141414,2.2083333333333335,2.2083333333333335,0.24763872757163738,0.25537743780825106,0.25537743780825106,2.186026936026936,0.25279786772937984
MICU,2000-06-15 12:00:00,94.0,94.0,89.0,191,191,191,2.0319148936170213,2.0319148936170213,2.146067415730337,0.23497594839683317,0.23497594839683317,0.24817684437418336,2.06996573432146,0.23937624705594987
MICU,2000-06-16 00:00:00,90.0,90.0,90.0,190,190,190,2.111111111111111,2.111111111111111,2.111111111111111,0.24413440595505762,0.24413440595505762,0.24413440595505762,2.111111111111111,0.24413440595505762
MICU,2000-06-16 12:00:00,94.0,92.0,87.0,183,183,183,1.946808510638298,1.9891304347826086,2.103448275862069,0.22513402385665168,0.23002824176657888,0.24324825566120986,2.0131290737609917,0.23280350709481348
MICU,2000-06-17 00:00:00,89.0,89.0,89.0,183,183,183,2.056179775280899,2.056179775280899,2.056179775280899,0.23778200272500288,0.23778200272500288,0.23778200272500288,2.056179775280899,0.2377820027250029
MICU,2000-06-17 12:00:00,91.0,91.0,91.0,165,165,165,1.8131868131868132,1.8131868131868132,1.8131868131868132,0.2096816615634821,0.2096816615634821,0.2096816615634821,1.8131868131868132,0.2096816615634821
MICU,2000-06-18 00:00:00,99.0,99.0,99.0,195,195,195,1.9696969696969697,1.9696969696969697,1.9696969696969697,0.22778090507768534,0.22778090507768534,0.22778090507768534,1.9696969696969697,0.22778090507768534
MICU,2000-06-18 12:00:00,103.0,99.0,98.0,203,203,203,1.970873786407767,2.0505050505050506,2.0714285714285716,0.22791699523755252,0.2371257627218981,0.23954541336191745,2.0309358027804634,0.23486272377378936
MICU,2000-06-19 00:00:00,107.0,107.0,105.0,221,221,221,2.0654205607476634,2.0654205607476634,2.104761904761905,0.23885063130575976,0.23885063130575976,0.2434001671401552,2.078534342085744,0.24036714325055822
MICU,2000-06-19 12:00:00,107.0,102.0,100.0,198,198,198,1.8504672897196262,1.9411764705882353,1.98,0.21399287329656305,0.22448272002678674,0.22897237442732246,1.923881253435954,0.22248265591689076
MICU,2000-06-20 00:00:00,112.0,112.0,112.0,204,204,204,1.8214285714285714,1.8214285714285714,1.8214285714285714,0.2106347600251343,0.2106347600251343,0.2106347600251343,1.8214285714285714,0.2106347600251343
MICU,2000-06-20 12:00:00,117.0,115.0,112.0,190,190,190,1.623931623931624,1.6521739130434783,1.6964285714285714,0.18779569688850586,0.19106170900830596,0.19617943335674273,1.6575113694678911,0.19167894641785152
MICU,2000-06-21 00:00:00,115.0,114.0,114.0,213,213,213,1.8521739130434782,1.868421052631579,1.868421052631579,0.21419023167773246,0.2160690933591161,0.2160690933591161,1.8630053394355455,0.2154428061319882
MICU,2000-06-21 12:00:00,120.0,112.0,107.0,187,187,187,1.5583333333333333,1.6696428571428572,1.7476635514018692,0.1802097391326149,0.19308186335637312,0.20210438033564287,1.6585465806260198,0.19179866094154363
MICU,2000-06-22 00:00:00,120.0,120.0,120.0,203,203,203,1.6916666666666667,1.6916666666666667,1.6916666666666667,0.19562875424556592,0.19562875424556592,0.19562875424556592,1.6916666666666667,0.19562875424556592
MICU,2000-06-22 12:00:00,121.0,113.0,111.0,191,191,191,1.578512396694215,1.6902654867256637,1.7207207207207207,0.18254329875456463,0.19546671813541874,0.19898864098470556,1.6631662013801998,0.19233288595822964
MICU,2000-06-23 00:00:00,120.0,120.0,120.0,189,189,189,1.575,1.575,1.575,0.18213711602173377,0.18213711602173377,0.18213711602173377,1.575,0.18213711602173377
MICU,2000-06-23 12:00:00,127.0,125.0,116.0,180,180,180,1.4173228346456692,1.44,1.5517241379310345,0.163902916554991,0.16652536321987088,0.1794454345041712,1.4696823241922345,0.16995790475967767
MICU,2000-06-24 00:00:00,127.0,127.0,127.0,192,192,192,1.5118110236220472,1.5118110236220472,1.5118110236220472,0.1748297776586571,0.1748297776586571,0.1748297776586571,1.5118110236220472,0.17482977765865707
MICU,2000-06-24 12:00:00,135.0,131.0,128.0,198,198,198,1.4666666666666666,1.5114503816793894,1.546875,0.16960916624246106,0.17478807208192554,0.17888466752134566,1.5083306827820187,0.17442730194857745
MICU,2000-06-25 00:00:00,137.0,137.0,136.0,205,205,205,1.4963503649635037,1.4963503649635037,1.5073529411764706,0.17304186668731514,0.17304186668731514,0.17431423335413362,1.500017890367826,0.17346598890958798
MICU,2000-06-25 12:00:00,143.0,140.0,131.0,207,207,207,1.4475524475524475,1.4785714285714286,1.5801526717557253,0.16739874799200305,0.17098586402040314,0.1827329844492858,1.5020921826265337,0.17370586548723066
MICU,2000-06-26 00:00:00,137.0,137.0,137.0,204,204,204,1.489051094890511,1.489051094890511,1.489051094890511,0.17219776002054774,0.17219776002054774,0.17219776002054774,1.4890510948905107,0.17219776002054774
MICU,2000-06-26 12:00:00,146.0,142.0,135.0,197,197,197,1.3493150684931507,1.3873239436619718,1.4592592592592593,0.15603832074921312,0.16043376640412052,0.16875255429174157,1.3986327571381274,0.1617415471483584
MICU,2000-06-27 00:00:00,143.0,143.0,143.0,203,203,203,1.4195804195804196,1.4195804195804196,1.4195804195804196,0.16416398957669867,0.16416398957669867,0.16416398957669867,1.4195804195804194,0.16416398957669867
MICU,2000-06-27 12:00:00,146.0,136.0,134.0,198,198,198,1.356164383561644,1.4558823529411764,1.4776119402985075,0.15683039344337155,0.16836204002009003,0.1708749062890466,1.4298862256004423,0.16535577991750275
MICU,2000-06-28 00:00:00,143.0,143.0,143.0,212,212,212,1.4825174825174825,1.4825174825174825,1.4825174825174825,0.17144219601113359,0.17144219601113359,0.17144219601113359,1.4825174825174825,0.17144219601113356
MICU,2000-06-28 12:00:00,144.0,135.0,126.0,196,196,196,1.3611111111111112,1.451851851851852,1.5555555555555556,0.1574024459447082,0.1678959423410221,0.1798885096510951,1.4561728395061728,0.1683956326456085
MICU,2000-06-29 00:00:00,133.0,133.0,133.0,193,193,193,1.4511278195488722,1.4511278195488722,1.4511278195488722,0.16781221335335778,0.16781221335335778,0.16781221335335778,1.4511278195488722,0.1678122133533578
MICU,2000-06-29 12:00:00,135.0,127.0,117.0,193,193,193,1.4296296296296296,1.5196850393700787,1.6495726495726495,0.16532610648886356,0.17574034941729594,0.19076089210253488,1.532962439524119,0.17727578266956479
MICU,2000-06-30 00:00:00,124.0,123.0,123.0,201,201,201,1.6209677419354838,1.6341463414634145,1.6341463414634145,0.1874529458288197,0.1889769535184849,0.1889769535184849,1.6297534749541043,0.18846895095526317
NICU,2000-06-01 00:00:00,1.0,1.0,1.0,235,235,235,235.0,235.0,235.0,1.0262008733624455,1.0262008733624455,1.0262008733624455,235.0,1.0262008733624455
NICU,2000-06-01 12:00:00,1.0,1.0,1.0,215,215,215,215.0,215.0,215.0,0.9388646288209607,0.9388646288209607,0.9388646288209607,215.0,0.9388646288209607
NICU,2000-06-02 00:00:00,1.0,1.0,1.0,240,240,240,240.0,240.0,240.0,1.0480349344978166,1.0480349344978166,1.0480349344978166,240.0,1.0480349344978166
NICU,2000-06-02 12:00:00,1.0,1.0,1.0,226,226,226,226.0,226.0,226.0,0.9868995633187773,0.9868995633187773,0.9868995633187773,226.0,0.9868995633187773
NICU,2000-06-03 00:00:00,1.0,1.0,1.0,239,239,239,239.0,239.0,239.0,1.0436681222707425,1.0436681222707425,1.0436681222707425,239.0,1.0436681222707425
NICU,2000-06-03 12:00:00,1.0,1.0,1.0,225,225,225,225.0,225.0,225.0,0.982532751091703,0.982532751091703,0.982532751091703,225.0,0.982532751091703
NICU,2000-06-04 00:00:00,1.0,1.0,1.0,234,234,234,234.0,234.0,234.0,1.0218340611353711,1.0218340611353711,1.0218340611353711,234.0,1.0218340611353711
NICU,2000-06-04 12:00:00,1.0,1.0,1.0,218,218,218,218.0,218.0,218.0,0.9519650655021834,0.9519650655021834,0.9519650655021834,218.0,0.9519650655021833
NICU,2000-06-05 00:00:00,1.0,1.0,1.0,241,241,241,241.0,241.0,241.0,1.0524017467248907,1.0524017467248907,1.0524017467248907,241.0,1.0524017467248907
NICU,2000-06-05 12:00:00,1.0,1.0,1.0,230,230,230,230.0,230.0,230.0,1.0043668122270741,1.0043668122270741,1.0043668122270741,230.0,1.0043668122270741
NICU,2000-06-06 00:00:00,1.0,1.0,1.0,240,240,240,240.0,240.0,240.0,1.0480349344978166,1.0480349344978166,1.0480349344978166,240.0,1.0480349344978166
NICU,2000-06-06 12:00:00,1.0,1.0,1.0,227,227,227,227.0,227.0,227.0,0.9912663755458515,0.9912663755458515,0.9912663755458515,227.0,0.9912663755458514
NICU,2000-06-07 00:00:00,1.0,1.0,1.0,234,234,234,234.0,234.0,234.0,1.0218340611353711,1.0218340611353711,1.0218340611353711,234.0,1.0218340611353711
NICU,2000-06-07 12:00:00,1.0,1.0,1.0,217,217,217,217.0,217.0,217.0,0.9475982532751092,0.9475982532751092,0.9475982532751092,217.0,0.9475982532751092
NICU,2000-06-08 00:00:00,1.0,1.0,1.0,224,224,224,224.0,224.0,224.0,0.9781659388646288,0.9781659388646288,0.9781659388646288,224.0,0.9781659388646288
NICU,2000-06-08 12:00:00,1.0,1.0,1.0,226,226,226,226.0,226.0,226.0,0.9868995633187773,0.9868995633187773,0.9868995633187773,226.0,0.9868995633187773
NICU,2000-06-09 00:00:00,1.0,1.0,1.0,228,228,228,228.0,228.0,228.0,0.9956331877729258,0.9956331877729258,0.9956331877729258,228.0,0.9956331877729258
NICU,2000-06-09 12:00:00,1.0,1.0,1.0,223,223,223,223.0,223.0,223.0,0.9737991266375546,0.9737991266375546,0.9737991266375546,223.0,0.9737991266375546
NICU,2000-06-10 00:00:00,1.0,1.0,1.0,233,233,233,233.0,233.0,233.0,1.017467248908297,1.017467248908297,1.017467248908297,233.0,1.017467248908297
NICU,2000-06-10 12:00:00,1.0,1.0,1.0,224,224,224,224.0,224.0,224.0,0.9781659388646288,0.9781659388646288,0.9781659388646288,224.0,0.9781659388646288
NICU,2000-06-11 00:00:00,1.0,1.0,1.0,222,222,222,222.0,222.0,222.0,0.9694323144104804,0.9694323144104804,0.9694323144104804,222.0,0.9694323144104805
NICU,2000-06-11 12:00:00,1.0,1.0,1.0,213,213,213,213.0,213.0,213.0,0.9301310043668122,0.9301310043668122,0.9301310043668122,213.0,0.9301310043668122
NICU,2000-06-12 00:00:00,1.0,1.0,1.0,230,230,230,230.0,230.0,230.0,1.0043668122270741,1.0043668122270741,1.0043668122270741,230.0,1.0043668122270741
NICU,2000-06-12 12:00:00,1.0,1.0,1.0,204,204,204,204.0,204.0,204.0,0.8908296943231441,0.8908296943231441,0.8908296943231441,204.0,0.8908296943231441
NICU,2000-06-13 00:00:00,1.0,1.0,1.0,227,227,227,227.0,227.0,227.0,0.9912663755458515,0.9912663755458515,0.9912663755458515,227.0,0.9912663755458514
NICU,2000-06-13 12:00:00,1.0,1.0,1.0,203,203,203,203.0,203.0,203.0,0.8864628820960698,0.8864628820960698,0.8864628820960698,203.0,0.8864628820960698
NICU,2000-06-14 00:00:00,1.0,1.0,1.0,227,227,227,227.0,227.0,227.0,0.9912663755458515,0.9912663755458515,0.9912663755458515,227.0,0.9912663755458514
NICU,2000-06-14 12:00:00,1.0,1.0,1.0,216,216,216,216.0,216.0,216.0,0.9432314410480349,0.9432314410480349,0.9432314410480349,216.0,0.9432314410480349
NICU,2000-06-15 00:00:00,1.0,1.0,1.0,231,231,231,231.0,231.0,231.0,1.0087336244541485,1.0087336244541485,1.0087336244541485,231.0,1.0087336244541485
NICU,2000-06-15 12:00:00,1.0,1.0,1.0,215,215,215,215.0,215.0,215.0,0.9388646288209607,0.9388646288209607,0.9388646288209607,215.0,0.9388646288209607
NICU,2000-06-16 00:00:00,1.0,1.0,1.0,214,214,214,214.0,214.0,214.0,0.9344978165938864,0.9344978165938864,0.9344978165938864,214.0,0.9344978165938865
NICU,2000-06-16 12:00:00,1.0,1.0,1.0,212,212,212,212.0,212.0,212.0,0.925764192139738,0.925764192139738,0.925764192139738,212.0,0.925764192139738
NICU,2000-06-17 00:00:00,1.0,1.0,1.0,217,217,217,217.0,217.0,217.0,0.9475982532751092,0.9475982532751092,0.9475982532751092,217.0,0.9475982532751092
NICU,2000-06-17 12:00:00,1.0,1.0,1.0,220,220,220,220.0,220.0,220.0,0.9606986899563319,0.9606986899563319,0.9606986899563319,220.0,0.9606986899563319
NICU,2000-06-18 00:00:00,1.0,1.0,1.0,227,227,227,227.0,227.0,227.0,0.9912663755458515,0.9912663755458515,0.9912663755458515,227.0,0.9912663755458514
NICU,2000-06-18 12:00:00,1.0,1.0,1.0,217,217,217,217.0,217.0,217.0,0.9475982532751092,0.9475982532751092,0.9475982532751092,217.0,0.9475982532751092
NICU,2000-06-19 00:00:00,1.0,1.0,1.0,239,239,239,239.0,239.0,239.0,1.0436681222707425,1.0436681222707425,1.0436681222707425,239.0,1.0436681222707425
NICU,2000-06-19 12:00:00,1.0,1.0,1.0,236,236,236,236.0,236.0,236.0,1.0305676855895196,1.0305676855895196,1.0305676855895196,236.0,1.0305676855895196
NICU,2000-06-20 00:00:00,1.0,1.0,1.0,225,225,225,225.0,225.0,225.0,0.982532751091703,0.982532751091703,0.982532751091703,225.0,0.982532751091703
NICU,2000-06-20 12:00:00,1.0,1.0,1.0,224,224,224,224.0,224.0,224.0,0.9781659388646288,0.9781659388646288,0.9781659388646288,224.0,0.9781659388646288
NICU,2000-06-21 00:00:00,1.0,1.0,1.0,235,235,235,235.0,235.0,235.0,1.0262008733624455,1.0262008733624455,1.0262008733624455,235.0,1.0262008733624455
NICU,2000-06-21 12:00:00,1.0,1.0,1.0,218,218,218,218.0,218.0,218.0,0.9519650655021834,0.9519650655021834,0.9519650655021834,218.0,0.9519650655021833
NICU,2000-06-22 00:00:00,1.0,1.0,1.0,229,229,229,229.0,229.0,229.0,1.0,1.0,1.0,229.0,1.0
NICU,2000-06-22 12:00:00,1.0,1.0,1.0,220,220,220,220.0,220.0,220.0,0.9606986899563319,0.9606986899563319,0.9606986899563319,220.0,0.9606986899563319
NICU,2000-06-23 00:00:00,1.0,1.0,1.0,225,225,225,225.0,225.0,225.0,0.982532751091703,0.982532751091703,0.982532751091703,225.0,0.982532751091703
NICU,2000-06-23 12:00:00,1.0,1.0,1.0,232,232,232,232.0,232.0,232.0,1.0131004366812226,1.0131004366812226,1.0131004366812226,232.0,1.0131004366812226
NICU,2000-06-24 00:00:00,1.0,1.0,1.0,237,237,237,237.0,237.0,237.0,1.034934497816594,1.034934497816594,1.034934497816594,237.0,1.034934497816594
NICU,2000-06-24 12:00:00,1.0,1.0,1.0,230,230,230,230.0,230.0,230.0,1.0043668122270741,1.0043668122270741,1.0043668122270741,230.0,1.0043668122270741
NICU,2000-06-25 00:00:00,1.0,1.0,1.0,230,230,230,230.0,230.0,230.0,1.0043668122270741,1.0043668122270741,1.0043668122270741,230.0,1.0043668122270741
NICU,2000-06-25 12:00:00,1.0,1.0,1.0,228,228,228,228.0,228.0,228.0,0.9956331877729258,0.9956331877729258,0.9956331877729258,228.0,0.9956331877729258
NICU,2000-06-26 00:00:00,1.0,1.0,1.0,237,237,237,237.0,237.0,237.0,1.034934497816594,1.034934497816594,1.034934497816594,237.0,1.034934497816594
NICU,2000-06-26 12:00:00,1.0,1.0,1.0,226,226,226,226.0,226.0,226.0,0.9868995633187773,0.9868995633187773,0.9868995633187773,226.0,0.9868995633187773
NICU,2000-06-27 00:00:00,1.0,1.0,1.0,251,251,251,251.0,251.0,251.0,1.0960698689956332,1.0960698689956332,1.0960698689956332,251.0,1.0960698689956332
NICU,2000-06-27 12:00:00,1.0,1.0,1.0,239,239,239,239.0,239.0,239.0,1.0436681222707425,1.0436681222707425,1.0436681222707425,239.0,1.0436681222707425
NICU,2000-06-28 00:00:00,1.0,1.0,1.0,254,254,254,254.0,254.0,254.0,1.1091703056768558,1.1091703056768558,1.1091703056768558,254.0,1.1091703056768558
NICU,2000-06-28 12:00:00,1.0,1.0,1.0,253,253,253,253.0,253.0,253.0,1.1048034934497817,1.1048034934497817,1.1048034934497817,253.0,1.1048034934497817
NICU,2000-06-29 00:00:00,1.0,1.0,1.0,258,258,258,258.0,258.0,258.0,1.1266375545851528,1.1266375545851528,1.1266375545851528,258.0,1.1266375545851528
NICU,2000-06-29 12:00:00,1.0,1.0,1.0,237,237,237,237.0,237.0,237.0,1.034934497816594,1.034934497816594,1.034934497816594,237.0,1.034934497816594
NICU,2000-06-30 00:00:00,1.0,1.0,1.0,274,274,274,274.0,274.0,274.0,1.1965065502183405,1.1965065502183405,1.1965065502183405,274.0,1.1965065502183405
NWARD,2000-06-01 00:00:00,1.0,1.0,1.0,33,33,33,33.0,33.0,33.0,0.8327630453378956,0.8327630453378956,0.8327630453378956,33.0,0.8327630453378956
NWARD,2000-06-01 12:00:00,1.0,1.0,1.0,27,27,27,27.0,27.0,27.0,0.6813515825491873,0.6813515825491873,0.6813515825491873,27.0,0.6813515825491873
NWARD,2000-06-02 00:00:00,1.0,1.0,1.0,28,28,28,28.0,28.0,28.0,0.7065868263473053,0.7065868263473053,0.7065868263473053,28.0,0.7065868263473053
NWARD,2000-06-02 12:00:00,1.0,1.0,1.0,31,31,31,31.0,31.0,31.0,0.7822925577416595,0.7822925577416595,0.7822925577416595,31.0,0.7822925577416595
NWARD,2000-06-03 00:00:00,1.0,1.0,1.0,36,36,36,36.0,36.0,36.0,0.9084687767322497,0.9084687767322497,0.9084687767322497,36.0,0.9084687767322497
NWARD,2000-06-03 12:00:00,1.0,1.0,1.0,38,38,38,38.0,38.0,38.0,0.9589392643284859,0.9589392643284859,0.9589392643284859,38.0,0.9589392643284859
NWARD,2000-06-04 00:00:00,1.0,1.0,1.0,36,36,36,36.0,36.0,36.0,0.9084687767322497,0.9084687767322497,0.9084687767322497,36.0,0.9084687767322497
NWARD,2000-06-04 12:00:00,1.0,1.0,1.0,34,34,34,34.0,34.0,34.0,0.8579982891360136,0.8579982891360136,0.8579982891360136,34.0,0.8579982891360136
NWARD,2000-06-05 00:00:00,1.0,1.0,1.0,35,35,35,35.0,35.0,35.0,0.8832335329341316,0.8832335329341316,0.8832335329341316,35.0,0.8832335329341316
NWARD,2000-06-05 12:00:00,1.0,1.0,1.0,39,39,39,39.0,39.0,39.0,0.9841745081266039,0.9841745081266039,0.9841745081266039,39.0,0.9841745081266039
NWARD,2000-06-06 00:00:00,1.0,1.0,1.0,29,29,29,29.0,29.0,29.0,0.7318220701454234,0.7318220701454234,0.7318220701454234,29.0,0.7318220701454234
NWARD,2000-06-06 12:00:00,1.0,1.0,1.0,30,30,30,30.0,30.0,30.0,0.7570573139435415,0.7570573139435415,0.7570573139435415,30.0,0.7570573139435415
NWARD,2000-06-07 00:00:00,1.0,1.0,1.0,40,40,40,40.0,40.0,40.0,1.0094097519247218,1.0094097519247218,1.0094097519247218,40.0,1.0094097519247218
NWARD,2000-06-07 12:00:00,1.0,1.0,1.0,31,31,31,31.0,31.0,31.0,0.7822925577416595,0.7822925577416595,0.7822925577416595,31.0,0.7822925577416595
NWARD,2000-06-08 00:00:00,1.0,1.0,1.0,35,35,35,35.0,35.0,35.0,0.8832335329341316,0.8832335329341316,0.8832335329341316,35.0,0.8832335329341316
NWARD,2000-06-08 12:00:00,1.0,1.0,1.0,35,35,35,35.0,35.0,35.0,0.8832335329341316,0.8832335329341316,0.8832335329341316,35.0,0.8832335329341316
NWARD,2000-06-09 00:00:00,1.0,1.0,1.0,32,32,32,32.0,32.0,32.0,0.8075278015397775,0.8075278015397775,0.8075278015397775,32.0,0.8075278015397775
NWARD,2000-06-09 12:00:00,1.0,1.0,1.0,36,36,36,36.0,36.0,36.0,0.9084687767322497,0.9084687767322497,0.9084687767322497,36.0,0.9084687767322497
NWARD,2000-06-10 00:00:00,1.0,1.0,1.0,36,36,36,36.0,36.0,36.0,0.9084687767322497,0.9084687767322497,0.9084687767322497,36.0,0.9084687767322497
NWARD,2000-06-10 12:00:00,1.0,1.0,1.0,35,35,35,35.0,35.0,35.0,0.8832335329341316,0.8832335329341316,0.8832335329341316,35.0,0.8832335329341316
NWARD,2000-06-11 00:00:00,1.0,1.0,1.0,30,30,30,30.0,30.0,30.0,0.7570573139435415,0.7570573139435415,0.7570573139435415,30.0,0.7570573139435415
NWARD,2000-06-11 12:00:00,1.0,1.0,1.0,32,32,32,32.0,32.0,32.0,0.8075278015397775,0.8075278015397775,0.8075278015397775,32.0,0.8075278015397775
NWARD,2000-06-12 00:00:00,1.0,1.0,1.0,36,36,36,36.0,36.0,36.0,0.9084687767322497,0.9084687767322497,0.9084687767322497,36.0,0.9084687767322497
NWARD,2000-06-12 12:00:00,1.0,1.0,1.0,31,31,31,31.0,31.0,31.0,0.7822925577416595,0.7822925577416595,0.7822925577416595,31.0,0.7822925577416595
NWARD,2000-06-13 00:00:00,1.0,1.0,1.0,36,36,36,36.0,36.0,36.0,0.9084687767322497,0.9084687767322497,0.9084687767322497,36.0,0.9084687767322497
NWARD,2000-06-13 12:00:00,1.0,1.0,1.0,28,28,28,28.0,28.0,28.0,0.7065868263473053,0.7065868263473053,0.7065868263473053,28.0,0.7065868263473053
NWARD,2000-06-14 00:00:00,1.0,1.0,1.0,25,25,25,25.0,25.0,25.0,0.6308810949529512,0.6308810949529512,0.6308810949529512,25.0,0.6308810949529512
NWARD,2000-06-14 12:00:00,1.0,1.0,1.0,29,29,29,29.0,29.0,29.0,0.7318220701454234,0.7318220701454234,0.7318220701454234,29.0,0.7318220701454234
NWARD,2000-06-15 00:00:00,1.0,1.0,1.0,35,35,35,35.0,35.0,35.0,0.8832335329341316,0.8832335329341316,0.8832335329341316,35.0,0.8832335329341316
NWARD,2000-06-15 12:00:00,1.0,1.0,1.0,36,36,36,36.0,36.0,36.0,0.9084687767322497,0.9084687767322497,0.9084687767322497,36.0,0.9084687767322497
NWARD,2000-06-16 00:00:00,1.0,1.0,1.0,34,34,34,34.0,34.0,34.0,0.8579982891360136,0.8579982891360136,0.8579982891360136,34.0,0.8579982891360136
NWARD,2000-06-16 12:00:00,1.0,1.0,1.0,36,36,36,36.0,36.0,36.0,0.9084687767322497,0.9084687767322497,0.9084687767322497,36.0,0.9084687767322497
NWARD,2000-06-17 00:00:00,1.0,1.0,1.0,39,39,39,39.0,39.0,39.0,0.9841745081266039,0.9841745081266039,0.9841745081266039,39.0,0.9841745081266039
NWARD,2000-06-17 12:00:00,1.0,1.0,1.0,36,36,36,36.0,36.0,36.0,0.9084687767322497,0.9084687767322497,0.9084687767322497,36.0,0.9084687767322497
NWARD,2000-06-18 00:00:00,1.0,1.0,1.0,44,44,44,44.0,44.0,44.0,1.1103507271171942,1.1103507271171942,1.1103507271171942,44.0,1.1103507271171942
NWARD,2000-06-18 12:00:00,1.0,1.0,1.0,42,42,42,42.0,42.0,42.0,1.0598802395209581,1.0598802395209581,1.0598802395209581,42.0,1.0598802395209581
NWARD,2000-06-19 00:00:00,1.0,1.0,1.0,49,49,49,49.0,49.0,49.0,1.2365269461077844,1.2365269461077844,1.2365269461077844,49.0,1.2365269461077844
NWARD,2000-06-19 12:00:00,1.0,1.0,1.0,55,55,55,55.0,55.0,55.0,1.3879384088964926,1.3879384088964926,1.3879384088964926,55.0,1.3879384088964926
NWARD,2000-06-20 00:00:00,1.0,1.0,1.0,53,53,53,53.0,53.0,53.0,1.3374679213002565,1.3374679213002565,1.3374679213002565,53.0,1.3374679213002565
NWARD,2000-06-20 12:00:00,1.0,1.0,1.0,58,58,58,58.0,58.0,58.0,1.4636441402908469,1.4636441402908469,1.4636441402908469,58.0,1.4636441402908469
NWARD,2000-06-21 00:00:00,1.0,1.0,1.0,54,54,54,54.0,54.0,54.0,1.3627031650983745,1.3627031650983745,1.3627031650983745,54.0,1.3627031650983745
NWARD,2000-06-21 12:00:00,1.0,1.0,1.0,51,51,51,51.0,51.0,51.0,1.2869974337040204,1.2869974337040204,1.2869974337040204,51.0,1.2869974337040204
NWARD,2000-06-22 00:00:00,1.0,1.0,1.0,52,52,52,52.0,52.0,52.0,1.3122326775021385,1.3122326775021385,1.3122326775021385,52.0,1.3122326775021385
NWARD,2000-06-22 12:00:00,1.0,1.0,1.0,45,45,45,45.0,45.0,45.0,1.1355859709153122,1.1355859709153122,1.1355859709153122,45.0,1.1355859709153122
NWARD,2000-06-23 00:00:00,1.0,1.0,1.0,47,47,47,47.0,47.0,47.0,1.1860564585115483,1.1860564585115483,1.1860564585115483,47.0,1.1860564585115483
NWARD,2000-06-23 12:00:00,1.0,1.0,1.0,48,48,48,48.0,48.0,48.0,1.2112917023096663,1.2112917023096663,1.2112917023096663,48.0,1.2112917023096663
NWARD,2000-06-24 00:00:00,1.0,1.0,1.0,46,46,46,46.0,46.0,46.0,1.1608212147134302,1.1608212147134302,1.1608212147134302,46.0,1.1608212147134302
NWARD,2000-06-24 12:00:00,1.0,1.0,1.0,52,52,52,52.0,52.0,52.0,1.3122326775021385,1.3122326775021385,1.3122326775021385,52.0,1.3122326775021385
NWARD,2000-06-25 00:00:00,1.0,1.0,1.0,45,45,45,45.0,45.0,45.0,1.1355859709153122,1.1355859709153122,1.1355859709153122,45.0,1.1355859709153122
NWARD,2000-06-25 12:00:00,1.0,1.0,1.0,50,50,50,50.0,50.0,50.0,1.2617621899059024,1.2617621899059024,1.2617621899059024,50.0,1.2617621899059024
NWARD,2000-06-26 00:00:00,1.0,1.0,1.0,43,43,43,43.0,43.0,43.0,1.0851154833190761,1.0851154833190761,1.0851154833190761,43.0,1.0851154833190761
NWARD,2000-06-26 12:00:00,1.0,1.0,1.0,46,46,46,46.0,46.0,46.0,1.1608212147134302,1.1608212147134302,1.1608212147134302,46.0,1.1608212147134302
NWARD,2000-06-27 00:00:00,1.0,1.0,1.0,41,41,41,41.0,41.0,41.0,1.0346449957228399,1.0346449957228399,1.0346449957228399,41.0,1.0346449957228399
NWARD,2000-06-27 12:00:00,1.0,1.0,1.0,49,49,49,49.0,49.0,49.0,1.2365269461077844,1.2365269461077844,1.2365269461077844,49.0,1.2365269461077844
NWARD,2000-06-28 00:00:00,1.0,1.0,1.0,46,46,46,46.0,46.0,46.0,1.1608212147134302,1.1608212147134302,1.1608212147134302,46.0,1.1608212147134302
NWARD,2000-06-28 12:00:00,1.0,1.0,1.0,48,48,48,48.0,48.0,48.0,1.2112917023096663,1.2112917023096663,1.2112917023096663,48.0,1.2112917023096663
NWARD,2000-06-29 00:00:00,1.0,1.0,1.0,46,46,46,46.0,46.0,46.0,1.1608212147134302,1.1608212147134302,1.1608212147134302,46.0,1.1608212147134302
NWARD,2000-06-29 12:00:00,1.0,1.0,1.0,43,43,43,43.0,43.0,43.0,1.0851154833190761,1.0851154833190761,1.0851154833190761,43.0,1.0851154833190761
NWARD,2000-06-30 00:00:00,1.0,1.0,1.0,46,46,46,46.0,46.0,46.0,1.1608212147134302,1.1608212147134302,1.1608212147134302,46.0,1.1608212147134302
SICU,2000-06-01 00:00:00,1.0,1.0,1.0,106,106,106,106.0,106.0,106.0,5.907194348895819,5.907194348895819,5.907194348895819,106.0,5.9071943488958185
SICU,2000-06-01 12:00:00,1.0,1.0,1.0,95,95,95,95.0,95.0,95.0,5.294183614576442,5.294183614576442,5.294183614576442,95.0,5.294183614576442
SICU,2000-06-02 00:00:00,1.0,1.0,1.0,103,103,103,103.0,103.0,103.0,5.740009603172353,5.740009603172353,5.740009603172353,103.0,5.740009603172353
SICU,2000-06-02 12:00:00,1.0,1.0,1.0,97,97,97,97.0,97.0,97.0,5.405640111725419,5.405640111725419,5.405640111725419,97.0,5.405640111725419
SICU,2000-06-03 00:00:00,1.0,1.0,1.0,101,101,101,101.0,101.0,101.0,5.628553106023375,5.628553106023375,5.628553106023375,101.0,5.628553106023375
SICU,2000-06-03 12:00:00,1.0,1.0,1.0,99,99,99,99.0,99.0,99.0,5.517096608874397,5.517096608874397,5.517096608874397,99.0,5.517096608874397
SICU,2000-06-04 00:00:00,2.0,2.0,1.0,96,96,96,48.0,48.0,96.0,2.6749559315754654,2.6749559315754654,5.349911863150931,64.0,3.566607908767287
SICU,2000-06-04 12:00:00,5.0,5.0,5.0,99,99,99,19.8,19.8,19.8,1.1034193217748796,1.1034193217748796,1.1034193217748796,19.8,1.1034193217748796
SICU,2000-06-05 00:00:00,7.0,7.0,7.0,109,109,109,15.571428571428571,15.571428571428571,15.571428571428571,0.8677684420884694,0.8677684420884694,0.8677684420884694,15.571428571428571,0.8677684420884694
SICU,2000-06-05 12:00:00,8.0,8.0,8.0,96,96,96,12.0,12.0,12.0,0.6687389828938664,0.6687389828938664,0.6687389828938664,12.0,0.6687389828938665
SICU,2000-06-06 00:00:00,8.0,8.0,8.0,102,102,102,12.75,12.75,12.75,0.7105351693247329,0.7105351693247329,0.7105351693247329,12.75,0.7105351693247329
SICU,2000-06-06 12:00:00,8.0,8.0,8.0,88,88,88,11.0,11.0,11.0,0.6130107343193775,0.6130107343193775,0.6130107343193775,11.0,0.6130107343193775
SICU,2000-06-07 00:00:00,8.0,8.0,8.0,104,104,104,13.0,13.0,13.0,0.7244672314683551,0.7244672314683551,0.7244672314683551,13.0,0.724467231468355
SICU,2000-06-07 12:00:00,9.0,9.0,9.0,99,99,99,11.0,11.0,11.0,0.6130107343193775,0.6130107343193775,0.6130107343193775,11.0,0.6130107343193775
SICU,2000-06-08 00:00:00,10.0,10.0,10.0,89,89,89,8.9,8.9,8.9,0.49598141231295084,0.49598141231295084,0.49598141231295084,8.9,0.49598141231295084
SICU,2000-06-08 12:00:00,10.0,10.0,9.0,94,94,94,9.4,9.4,10.444444444444445,0.5238455366001953,0.5238455366001953,0.5820505962224393,9.748148148148148,0.5432472231409432
SICU,2000-06-09 00:00:00,9.0,9.0,9.0,90,90,90,10.0,10.0,10.0,0.5572824857448886,0.5572824857448886,0.5572824857448886,10.0,0.5572824857448886
SICU,2000-06-09 12:00:00,9.0,9.0,9.0,84,84,84,9.333333333333334,9.333333333333334,9.333333333333334,0.5201303200285627,0.5201303200285627,0.5201303200285627,9.333333333333334,0.5201303200285627
SICU,2000-06-10 00:00:00,9.0,9.0,9.0,89,89,89,9.88888888888889,9.88888888888889,9.88888888888889,0.551090458125501,0.551090458125501,0.551090458125501,9.88888888888889,0.551090458125501
SICU,2000-06-10 12:00:00,9.0,7.0,7.0,99,99,99,11.0,14.142857142857142,14.142857142857142,0.6130107343193775,0.7881566584106281,0.7881566584106281,13.095238095238095,0.7297746837135445
SICU,2000-06-11 00:00:00,9.0,9.0,9.0,95,95,95,10.555555555555555,10.555555555555555,10.555555555555555,0.5882426238418268,0.5882426238418268,0.5882426238418268,10.555555555555555,0.5882426238418268
SICU,2000-06-11 12:00:00,11.0,10.0,10.0,97,97,97,8.818181818181818,9.7,9.7,0.4914218283386745,0.5405640111725419,0.5405640111725419,9.406060606060604,0.5241832835612529
SICU,2000-06-12 00:00:00,11.0,11.0,11.0,103,103,103,9.363636363636363,9.363636363636363,9.363636363636363,0.5218190548338502,0.5218190548338502,0.5218190548338502,9.363636363636363,0.5218190548338502
SICU,2000-06-12 12:00:00,11.0,11.0,11.0,102,102,102,9.272727272727273,9.272727272727273,9.272727272727273,0.5167528504179877,0.5167528504179877,0.5167528504179877,9.272727272727273,0.5167528504179877
SICU,2000-06-13 00:00:00,13.0,13.0,13.0,101,101,101,7.769230769230769,7.769230769230769,7.769230769230769,0.4329656235402596,0.4329656235402596,0.4329656235402596,7.769230769230769,0.4329656235402595
SICU,2000-06-13 12:00:00,15.0,15.0,15.0,110,110,110,7.333333333333333,7.333333333333333,7.333333333333333,0.408673822879585,0.408673822879585,0.408673822879585,7.333333333333333,0.408673822879585
SICU,2000-06-14 00:00:00,15.0,15.0,15.0,101,101,101,6.733333333333333,6.733333333333333,6.733333333333333,0.3752368737348917,0.3752368737348917,0.3752368737348917,6.733333333333333,0.3752368737348917
SICU,2000-06-14 12:00:00,15.0,13.0,13.0,95,95,95,6.333333333333333,7.3076923076923075,7.3076923076923075,0.3529455743050961,0.40724489342895703,0.40724489342895703,6.982905982905983,0.3891451203876701
SICU,2000-06-15 00:00:00,13.0,13.0,13.0,102,102,102,7.846153846153846,7.846153846153846,7.846153846153846,0.43725241189214337,0.43725241189214337,0.43725241189214337,7.846153846153846,0.4372524118921433
SICU,2000-06-15 12:00:00,13.0,13.0,13.0,96,96,96,7.384615384615385,7.384615384615385,7.384615384615385,0.4115316817808408,0.4115316817808408,0.4115316817808408,7.384615384615384,0.4115316817808408
SICU,2000-06-16 00:00:00,14.0,14.0,14.0,97,97,97,6.928571428571429,6.928571428571429,6.928571428571429,0.38611715083752995,0.38611715083752995,0.38611715083752995,6.928571428571428,0.3861171508375299
SICU,2000-06-16 12:00:00,15.0,15.0,15.0,89,89,89,5.933333333333334,5.933333333333334,5.933333333333334,0.3306542748753006,0.3306542748753006,0.3306542748753006,5.933333333333334,0.3306542748753006
SICU,2000-06-17 00:00:00,15.0,15.0,15.0,102,102,102,6.8,6.8,6.8,0.3789520903065242,0.3789520903065242,0.3789520903065242,6.8,0.3789520903065242
SICU,2000-06-17 12:00:00,15.0,15.0,15.0,91,91,91,6.066666666666666,6.066666666666666,6.066666666666666,0.3380847080185657,0.3380847080185657,0.3380847080185657,6.066666666666666,0.33808470801856566
SICU,2000-06-18 00:00:00,15.0,15.0,15.0,93,93,93,6.2,6.2,6.2,0.34551514116183096,0.34551514116183096,0.34551514116183096,6.2,0.34551514116183096
SICU,2000-06-18 12:00:00,15.0,15.0,15.0,82,82,82,5.466666666666667,5.466666666666667,5.466666666666667,0.30464775887387247,0.30464775887387247,0.30464775887387247,5.466666666666666,0.30464775887387247
SICU,2000-06-19 00:00:00,18.0,18.0,18.0,94,94,94,5.222222222222222,5.222222222222222,5.222222222222222,0.29102529811121963,0.29102529811121963,0.29102529811121963,5.222222222222222,0.29102529811121963
SICU,2000-06-19 12:00:00,18.0,18.0,18.0,83,83,83,4.611111111111111,4.611111111111111,4.611111111111111,0.2569691462045875,0.2569691462045875,0.2569691462045875,4.611111111111111,0.2569691462045875
SICU,2000-06-20 00:00:00,18.0,18.0,18.0,91,91,91,5.055555555555555,5.055555555555555,5.055555555555555,0.2817372566821381,0.2817372566821381,0.2817372566821381,5.055555555555555,0.2817372566821381
SICU,2000-06-20 12:00:00,18.0,18.0,18.0,77,77,77,4.277777777777778,4.277777777777778,4.277777777777778,0.23839306334642457,0.23839306334642457,0.23839306334642457,4.277777777777778,0.23839306334642454
SICU,2000-06-21 00:00:00,20.0,20.0,20.0,91,91,91,4.55,4.55,4.55,0.2535635310139243,0.2535635310139243,0.2535635310139243,4.55,0.2535635310139243
SICU,2000-06-21 12:00:00,21.0,19.0,19.0,92,92,92,4.380952380952381,4.842105263157895,4.842105263157895,0.24414280327871313,0.269842045729104,0.269842045729104,4.688387635756057,0.2612756315789737
SICU,2000-06-22 00:00:00,19.0,19.0,19.0,107,107,107,5.631578947368421,5.631578947368421,5.631578947368421,0.3138380314458057,0.3138380314458057,0.3138380314458057,5.631578947368421,0.3138380314458057
SICU,2000-06-22 12:00:00,19.0,19.0,19.0,98,98,98,5.157894736842105,5.157894736842105,5.157894736842105,0.28744044001578467,0.28744044001578467,0.28744044001578467,5.157894736842105,0.28744044001578467
SICU,2000-06-23 00:00:00,19.0,19.0,19.0,92,92,92,4.842105263157895,4.842105263157895,4.842105263157895,0.269842045729104,0.269842045729104,0.269842045729104,4.842105263157895,0.269842045729104
SICU,2000-06-23 12:00:00,19.0,18.0,16.0,97,97,97,5.105263157894737,5.388888888888889,6.0625,0.2845073743013379,0.3003133395403011,0.3378525069828387,5.518884015594542,0.3075577402748259
SICU,2000-06-24 00:00:00,15.0,15.0,15.0,102,102,102,6.8,6.8,6.8,0.3789520903065242,0.3789520903065242,0.3789520903065242,6.8,0.3789520903065242
SICU,2000-06-24 12:00:00,15.0,15.0,15.0,90,90,90,6.0,6.0,6.0,0.3343694914469332,0.3343694914469332,0.3343694914469332,6.0,0.33436949144693323
SICU,2000-06-25 00:00:00,15.0,15.0,15.0,95,95,95,6.333333333333333,6.333333333333333,6.333333333333333,0.3529455743050961,0.3529455743050961,0.3529455743050961,6.333333333333333,0.35294557430509615
SICU,2000-06-25 12:00:00,15.0,15.0,14.0,95,95,95,6.333333333333333,6.333333333333333,6.785714285714286,0.3529455743050961,0.3529455743050961,0.3781559724697458,6.484126984126984,0.36134904035997933
SICU,2000-06-26 00:00:00,14.0,14.0,14.0,89,89,89,6.357142857142857,6.357142857142857,6.357142857142857,0.35427243736639347,0.35427243736639347,0.35427243736639347,6.357142857142857,0.35427243736639347
SICU,2000-06-26 12:00:00,15.0,15.0,15.0,86,86,86,5.733333333333333,5.733333333333333,5.733333333333333,0.3195086251604028,0.3195086251604028,0.3195086251604028,5.733333333333333,0.3195086251604028
SICU,2000-06-27 00:00:00,18.0,18.0,18.0,96,96,96,5.333333333333333,5.333333333333333,5.333333333333333,0.2972173257306072,0.2972173257306072,0.2972173257306072,5.333333333333333,0.2972173257306072
SICU,2000-06-27 12:00:00,18.0,18.0,18.0,92,92,92,5.111111111111111,5.111111111111111,5.111111111111111,0.28483327049183194,0.28483327049183194,0.28483327049183194,5.111111111111111,0.28483327049183194
SICU,2000-06-28 00:00:00,20.0,20.0,20.0,93,93,93,4.65,4.65,4.65,0.25913635587137324,0.25913635587137324,0.25913635587137324,4.65,0.25913635587137324
SICU,2000-06-28 12:00:00,20.0,20.0,20.0,83,83,83,4.15,4.15,4.15,0.2312722315841288,0.2312722315841288,0.2312722315841288,4.15,0.2312722315841288
SICU,2000-06-29 00:00:00,23.0,23.0,23.0,101,101,101,4.391304347826087,4.391304347826087,4.391304347826087,0.24471970026188586,0.24471970026188586,0.24471970026188586,4.391304347826087,0.24471970026188586
SICU,2000-06-29 12:00:00,25.0,25.0,25.0,76,76,76,3.04,3.04,3.04,0.16941387566644614,0.16941387566644614,0.16941387566644614,3.0400000000000005,0.16941387566644614
SICU,2000-06-30 00:00:00,25.0,25.0,25.0,91,91,91,3.64,3.64,3.64,0.20285082481113945,0.20285082481113945,0.20285082481113945,3.64,0.20285082481113945
TSICU,2000-06-01 00:00:00,1.0,1.0,1.0,82,82,82,82.0,82.0,82.0,6.430014759569282,6.430014759569282,6.430014759569282,82.0,6.430014759569282
TSICU,2000-06-01 12:00:00,1.0,1.0,1.0,72,72,72,72.0,72.0,72.0,5.645866618158394,5.645866618158394,5.645866618158394,72.0,5.645866618158394
TSICU,2000-06-02 00:00:00,1.0,1.0,1.0,71,71,71,71.0,71.0,71.0,5.567451804017305,5.567451804017305,5.567451804017305,71.0,5.567451804017305
TSICU,2000-06-02 12:00:00,1.0,1.0,1.0,58,58,58,58.0,58.0,58.0,4.548059220183151,4.548059220183151,4.548059220183151,58.0,4.548059220183151
TSICU,2000-06-03 00:00:00,2.0,2.0,2.0,61,61,61,30.5,30.5,30.5,2.3916518313032085,2.3916518313032085,2.3916518313032085,30.5,2.3916518313032085
TSICU,2000-06-03 12:00:00,2.0,2.0,2.0,59,59,59,29.5,29.5,29.5,2.3132370171621197,2.3132370171621197,2.3132370171621197,29.5,2.3132370171621197
TSICU,2000-06-04 00:00:00,2.0,2.0,2.0,65,65,65,32.5,32.5,32.5,2.5484814595853864,2.5484814595853864,2.5484814595853864,32.5,2.5484814595853864
TSICU,2000-06-04 12:00:00,2.0,2.0,2.0,57,57,57,28.5,28.5,28.5,2.234822203021031,2.234822203021031,2.234822203021031,28.5,2.234822203021031
TSICU,2000-06-05 00:00:00,4.0,4.0,4.0,72,72,72,18.0,18.0,18.0,1.4114666545395984,1.4114666545395984,1.4114666545395984,18.0,1.4114666545395984
TSICU,2000-06-05 12:00:00,4.0,4.0,4.0,60,60,60,15.0,15.0,15.0,1.1762222121163322,1.1762222121163322,1.1762222121163322,15.0,1.1762222121163322
TSICU,2000-06-06 00:00:00,4.0,4.0,4.0,68,68,68,17.0,17.0,17.0,1.3330518403985097,1.3330518403985097,1.3330518403985097,17.0,1.3330518403985097
TSICU,2000-06-06 12:00:00,4.0,4.0,4.0,58,58,58,14.5,14.5,14.5,1.1370148050457878,1.1370148050457878,1.1370148050457878,14.5,1.1370148050457878
TSICU,2000-06-07 00:00:00,4.0,4.0,4.0,68,68,68,17.0,17.0,17.0,1.3330518403985097,1.3330518403985097,1.3330518403985097,17.0,1.3330518403985097
TSICU,2000-06-07 12:00:00,4.0,4.0,4.0,54,54,54,13.5,13.5,13.5,1.0585999909046988,1.0585999909046988,1.0585999909046988,13.5,1.0585999909046988
TSICU,2000-06-08 00:00:00,4.0,4.0,4.0,67,67,67,16.75,16.75,16.75,1.3134481368632376,1.3134481368632376,1.3134481368632376,16.75,1.3134481368632376
TSICU,2000-06-08 12:00:00,4.0,4.0,4.0,58,58,58,14.5,14.5,14.5,1.1370148050457878,1.1370148050457878,1.1370148050457878,14.5,1.1370148050457878
TSICU,2000-06-09 00:00:00,4.0,4.0,4.0,63,63,63,15.75,15.75,15.75,1.2350333227221486,1.2350333227221486,1.2350333227221486,15.75,1.2350333227221486
TSICU,2000-06-09 12:00:00,5.0,5.0,5.0,48,48,48,9.6,9.6,9.6,0.7527822157544525,0.7527822157544525,0.7527822157544525,9.6,0.7527822157544525
TSICU,2000-06-10 00:00:00,5.0,5.0,5.0,58,58,58,11.6,11.6,11.6,0.9096118440366301,0.9096118440366301,0.9096118440366301,11.6,0.9096118440366302
TSICU,2000-06-10 12:00:00,5.0,5.0,5.0,56,56,56,11.2,11.2,11.2,0.8782459183801946,0.8782459183801946,0.8782459183801946,11.199999999999998,0.8782459183801946
TSICU,2000-06-11 00:00:00,6.0,6.0,6.0,67,67,67,11.166666666666666,11.166666666666666,11.166666666666666,0.8756320912421582,0.8756320912421582,0.8756320912421582,11.166666666666666,0.8756320912421582
TSICU,2000-06-11 12:00:00,8.0,8.0,8.0,61,61,61,7.625,7.625,7.625,0.5979129578258021,0.5979129578258021,0.5979129578258021,7.625,0.5979129578258021
TSICU,2000-06-12 00:00:00,10.0,10.0,10.0,74,74,74,7.4,7.4,7.4,0.5802696246440572,0.5802696246440572,0.5802696246440572,7.400000000000001,0.5802696246440572
TSICU,2000-06-12 12:00:00,11.0,11.0,11.0,64,64,64,5.818181818181818,5.818181818181818,5.818181818181818,0.45623164591178944,0.45623164591178944,0.45623164591178944,5.8181818181818175,0.45623164591178944
TSICU,2000-06-13 00:00:00,12.0,12.0,12.0,75,75,75,6.25,6.25,6.25,0.490092588381805,0.490092588381805,0.490092588381805,6.25,0.490092588381805
TSICU,2000-06-13 12:00:00,13.0,13.0,13.0,74,74,74,5.6923076923076925,5.6923076923076925,5.6923076923076925,0.44636124972619784,0.44636124972619784,0.44636124972619784,5.6923076923076925,0.4463612497261978
TSICU,2000-06-14 00:00:00,15.0,15.0,15.0,80,80,80,5.333333333333333,5.333333333333333,5.333333333333333,0.41821234208580693,0.41821234208580693,0.41821234208580693,5.333333333333333,0.418212342085807
TSICU,2000-06-14 12:00:00,15.0,15.0,15.0,68,68,68,4.533333333333333,4.533333333333333,4.533333333333333,0.3554804907729359,0.3554804907729359,0.3554804907729359,4.533333333333333,0.3554804907729359
TSICU,2000-06-15 00:00:00,15.0,15.0,15.0,82,82,82,5.466666666666667,5.466666666666667,5.466666666666667,0.42866765063795215,0.42866765063795215,0.42866765063795215,5.466666666666666,0.42866765063795215
TSICU,2000-06-15 12:00:00,15.0,13.0,13.0,81,81,81,5.4,6.230769230769231,6.230769230769231,0.42343999636187957,0.4885846111867841,0.4885846111867841,5.953846153846154,0.4668697395784826
TSICU,2000-06-16 00:00:00,15.0,15.0,15.0,88,88,88,5.866666666666666,5.866666666666666,5.866666666666666,0.4600335762943876,0.4600335762943876,0.4600335762943876,5.866666666666666,0.4600335762943876
TSICU,2000-06-16 12:00:00,16.0,16.0,16.0,91,91,91,5.6875,5.6875,5.6875,0.4459842554274426,0.4459842554274426,0.4459842554274426,5.6875,0.44598425542744263
TSICU,2000-06-17 00:00:00,16.0,16.0,16.0,86,86,86,5.375,5.375,5.375,0.4214796260083523,0.4214796260083523,0.4214796260083523,5.375,0.42147962600835226
TSICU,2000-06-17 12:00:00,21.0,21.0,21.0,76,76,76,3.619047619047619,3.619047619047619,3.619047619047619,0.283786946415369,0.283786946415369,0.283786946415369,3.619047619047619,0.283786946415369
TSICU,2000-06-18 00:00:00,21.0,21.0,21.0,93,93,93,4.428571428571429,4.428571428571429,4.428571428571429,0.3472656054819647,0.3472656054819647,0.3472656054819647,4.428571428571429,0.3472656054819647
TSICU,2000-06-18 12:00:00,21.0,21.0,21.0,71,71,71,3.380952380952381,3.380952380952381,3.380952380952381,0.26511675257225265,0.26511675257225265,0.26511675257225265,3.380952380952381,0.26511675257225265
TSICU,2000-06-19 00:00:00,21.0,21.0,21.0,87,87,87,4.142857142857143,4.142857142857143,4.142857142857143,0.3248613728702251,0.3248613728702251,0.3248613728702251,4.142857142857143,0.3248613728702251
TSICU,2000-06-19 12:00:00,22.0,21.0,21.0,75,75,75,3.409090909090909,3.5714285714285716,3.5714285714285716,0.2673232300264391,0.28005290764674573,0.28005290764674573,3.5173160173160176,0.27580968177331017
TSICU,2000-06-20 00:00:00,24.0,24.0,24.0,85,85,85,3.5416666666666665,3.5416666666666665,3.5416666666666665,0.2777191334163562,0.2777191334163562,0.2777191334163562,3.5416666666666665,0.2777191334163562
TSICU,2000-06-20 12:00:00,24.0,24.0,22.0,68,68,68,2.8333333333333335,2.8333333333333335,3.090909090909091,0.22217530673308497,0.22217530673308497,0.24237306189063812,2.919191919191919,0.22890789178560267
TSICU,2000-06-21 00:00:00,22.0,22.0,22.0,78,78,78,3.5454545454545454,3.5454545454545454,3.5454545454545454,0.2780161592274967,0.2780161592274967,0.2780161592274967,3.5454545454545454,0.2780161592274967
TSICU,2000-06-21 12:00:00,22.0,22.0,21.0,64,64,64,2.909090909090909,2.909090909090909,3.0476190476190474,0.22811582295589472,0.22811582295589472,0.2389784811918897,2.9552669552669553,0.2317367090345597
TSICU,2000-06-22 00:00:00,21.0,21.0,21.0,84,84,84,4.0,4.0,4.0,0.3136592565643552,0.3136592565643552,0.3136592565643552,4.0,0.3136592565643552
TSICU,2000-06-22 12:00:00,21.0,19.0,19.0,64,64,64,3.0476190476190474,3.3684210526315788,3.3684210526315788,0.2389784811918897,0.26413411079103594,0.26413411079103594,3.261487050960735,0.25574890092465385
TSICU,2000-06-23 00:00:00,18.0,18.0,18.0,89,89,89,4.944444444444445,4.944444444444445,4.944444444444445,0.3877176921420502,0.3877176921420502,0.3877176921420502,4.944444444444445,0.3877176921420502
TSICU,2000-06-23 12:00:00,20.0,20.0,18.0,65,65,65,3.25,3.25,3.611111111111111,0.2548481459585386,0.2548481459585386,0.28316460662059845,3.3703703703703702,0.26428696617922526
TSICU,2000-06-24 00:00:00,18.0,18.0,18.0,76,76,76,4.222222222222222,4.222222222222222,4.222222222222222,0.33108477081793053,0.33108477081793053,0.33108477081793053,4.222222222222222,0.33108477081793053
TSICU,2000-06-24 12:00:00,18.0,18.0,16.0,69,69,69,3.8333333333333335,3.8333333333333335,4.3125,0.30059012087417375,0.30059012087417375,0.3381638859834455,3.993055555555556,0.313114709243931
TSICU,2000-06-25 00:00:00,17.0,17.0,17.0,63,63,63,3.7058823529411766,3.7058823529411766,3.7058823529411766,0.2905960759346232,0.2905960759346232,0.2905960759346232,3.705882352941176,0.2905960759346232
TSICU,2000-06-25 12:00:00,17.0,17.0,17.0,66,66,66,3.8823529411764706,3.8823529411764706,3.8823529411764706,0.30443398431246244,0.30443398431246244,0.30443398431246244,3.8823529411764706,0.30443398431246244
TSICU,2000-06-26 00:00:00,19.0,19.0,19.0,67,67,67,3.526315789473684,3.526315789473684,3.526315789473684,0.2765153972343658,0.2765153972343658,0.2765153972343658,3.5263157894736836,0.2765153972343658
TSICU,2000-06-26 12:00:00,19.0,19.0,19.0,58,58,58,3.0526315789473686,3.0526315789473686,3.0526315789473686,0.23937153790437637,0.23937153790437637,0.23937153790437637,3.0526315789473686,0.23937153790437637
TSICU,2000-06-27 00:00:00,21.0,21.0,21.0,65,65,65,3.0952380952380953,3.0952380952380953,3.0952380952380953,0.242712519960513,0.242712519960513,0.242712519960513,3.0952380952380953,0.242712519960513
TSICU,2000-06-27 12:00:00,21.0,21.0,21.0,58,58,58,2.761904761904762,2.761904761904762,2.761904761904762,0.21657424858015004,0.21657424858015004,0.21657424858015004,2.7619047619047614,0.21657424858015004
TSICU,2000-06-28 00:00:00,22.0,22.0,22.0,66,66,66,3.0,3.0,3.0,0.23524444242326642,0.23524444242326642,0.23524444242326642,3.0,0.2352444424232664
TSICU,2000-06-28 12:00:00,22.0,22.0,22.0,58,58,58,2.6363636363636362,2.6363636363636362,2.6363636363636362,0.20672996455377957,0.20672996455377957,0.20672996455377957,2.6363636363636362,0.20672996455377957
TSICU,2000-06-29 00:00:00,22.0,22.0,22.0,63,63,63,2.8636363636363638,2.8636363636363638,2.8636363636363638,0.22455151322220887,0.22455151322220887,0.22455151322220887,2.8636363636363638,0.22455151322220887
TSICU,2000-06-29 12:00:00,22.0,18.0,18.0,51,51,51,2.3181818181818183,2.8333333333333335,2.8333333333333335,0.18177979641797862,0.22217530673308497,0.22217530673308497,2.661616161616162,0.20871013662804952
TSICU,2000-06-30 00:00:00,16.0,16.0,16.0,77,77,77,4.8125,4.8125,4.8125,0.37737129305398986,0.37737129305398986,0.37737129305398986,4.8125,0.37737129305398986
